year,NSI,Welfare,Obj_t,Gap_H,SAF_H,SAF_M,SAF_L,US_prod_H,US_prod_M,US_prod_L,US_import_from_CN_H,US_import_from_CN_M,US_import_from_CN_L,US_import_from_CN_share_H,US_import_from_CN_share_M,US_import_from_CN_share_L,scenario
2023,1.2211679088343683,2655130493045.7617,2655130493046.128,0.5202193935051781,0.9590988265649025,0.9846799949706952,0.9305240015405969,4440979757.634778,4368193146.723587,14478782954.796062,255674966.37849826,88971265.6872561,1680314766.5261233,0.040901173435097526,0.01532000502930477,0.06947599845940307,baseline
2024,1.2258664684894074,2699910398243.498,2699910398243.8657,0.529612640321956,0.9591069717729638,0.9846794946628143,0.9305140702155154,4481692139.629581,4409165807.507249,14622429307.791555,257901677.4279716,89781887.49180017,1696999714.3354182,0.04089302822703624,0.015320505337185604,0.06948592978448462,baseline
2025,1.2305647655575116,2745447757367.6196,2745447757367.989,0.5390053635087508,0.9591151171616545,0.9846789934517305,0.930504135933949,4522777652.936297,4450522853.062578,14767501006.194178,260147758.0209293,90599893.54210994,1713850335.26378,0.040884882838345404,0.015321006548269496,0.06949586406605107,baseline
2026,1.235262800019707,2791755422728.5244,2791755422728.895,0.5483975630235787,0.9591232627279721,0.9846784913398199,0.9304941987099287,4564239716.200043,4492267889.81397,14914012192.722656,262413376.44812799,91425351.07640797,1730868274.1802292,0.040876737272027876,0.015321508660180094,0.0695058012900713,baseline
2027,1.2399605718564182,2838846465430.1577,2838846465430.53,0.5577892388233422,0.9591314084689292,0.9846779883294505,0.9304842585572373,4606081779.367998,4534404558.020668,15061977150.449121,264698702.46069446,92258327.94471873,1748055192.2795708,0.04086859153107083,0.015322011670549487,0.06951574144276271,baseline
2028,1.2446580810474541,2886734179107.602,2886734179107.9756,0.5671803908637965,0.959139554381555,0.9846774844229836,0.9304743154894168,4648307323.975481,4576936532.093873,15211410304.191658,267003907.2827768,93098892.61441906,1765412767.2442486,0.04086044561844502,0.015322515577016372,0.06952568451058322,baseline
2029,1.2493553275719922,2935432083728.748,2935432083729.123,0.5765710190995126,0.9591477004628961,0.9846769796227758,0.9304643695197762,4690919863.43462,4619867520.916811,15362326221.920694,269329163.62430435,93947114.17583933,1782942693.4078064,0.0408522995371039,0.01532302037722426,0.06953563048022385,baseline
