year,NSI,Welfare,Obj_t,Gap_H,SAF_H,SAF_M,SAF_L,US_prod_H,US_prod_M,US_prod_L,US_import_from_CN_H,US_import_from_CN_M,US_import_from_CN_L,US_import_from_CN_share_H,US_import_from_CN_share_M,US_import_from_CN_share_L,scenario
2023,1.2232781859410133,2607538296657.6436,2607538296658.0107,0.5201298075307205,0.961966883524494,0.985295328999175,0.9332062085682677,4482174741.23046,4352336953.702629,14414072362.214916,233464125.19792292,85030434.34459195,1603418730.3011026,0.03803311647550601,0.014704671000824992,0.06679379143173227,diff_by_chip
2024,1.2279418561639268,2634461298302.1636,2634461298302.5317,0.5294331706672096,0.9619866708432853,0.9852990738418504,0.9332110662806208,4510439696.957057,4378832584.287109,14504235812.388758,234762756.68669587,85506002.35607982,1613086751.4491234,0.03801332915671474,0.014700926158149536,0.06678893371937922,diff_by_chip
2025,1.233238897451831,2661680961647.626,2661680961647.996,0.5387357127582378,0.9620064499594716,0.9858415597694477,0.935576740810709,4538882566.516521,4404801883.639025,14585757808.02275,236068599.766528,82764165.96624754,1560318399.1219437,0.03799355004052843,0.014158440230552348,0.06442325918929101,diff_by_chip
2026,1.2379016993619198,2689164298124.1226,2689164298124.494,0.5480374340532127,0.9620262208730476,0.9858451768550225,0.935581594211415,4567504467.784574,4431619510.157764,14677028456.100607,237381694.41605383,83227048.43255351,1569725292.1572633,0.03797377912695241,0.014154823144977513,0.0644184057885851,diff_by_chip
2027,1.243129169935993,2716947558733.2705,2716947558733.6436,0.5573383348014935,0.9620459835840284,0.9863275745086582,0.9376936919531725,4596306525.647086,4457982924.747247,14760587021.098822,238702080.83506256,80801767.29012744,1523069365.565636,0.03795401641597158,0.013672425491341896,0.06230630804682745,diff_by_chip
2028,1.2477911051109538,2745002875791.3403,2745002875791.715,0.5666384152523838,0.9620657380924499,0.9863310766859258,0.937698527163796,4625289872.043932,4485126565.381648,14852980803.02422,240029799.44571495,81253666.83989468,1532250652.389951,0.03793426190755012,0.013668923314074188,0.06230147283620398,diff_by_chip
2029,1.2529608898411375,2773362198137.9814,2773362198138.3574,0.5759376756551238,0.9620854843983686,0.986763948274359,0.9396006266604181,4654455646.013099,4511875868.600099,14938431874.524525,241364890.89377025,79088894.92262545,1490621290.986882,0.03791451560163145,0.013236051725641046,0.06039937333958188,diff_by_chip
