year,NSI,Welfare,Obj_t,Gap_H,SAF_H,SAF_M,SAF_L,US_prod_H,US_prod_M,US_prod_L,US_import_from_CN_H,US_import_from_CN_M,US_import_from_CN_L,US_import_from_CN_share_H,US_import_from_CN_share_M,US_import_from_CN_share_L,scenario
2023,1.2264357500423204,2615686349812.88,2615686349813.248,0.5204048199701893,0.9661129736470367,0.9860893001865265,0.936750315888747,4376021948.553716,4262394347.2839317,14219566233.469263,201290102.71981072,78147568.5718214,1473209493.2896838,0.033887026352963256,0.013910699813473443,0.063249684111253,tariff_only
2024,1.2312545671487194,2617099717505.0728,2617099717505.442,0.529982639108967,0.9661542171948418,0.9861004115609568,0.9367800776426389,4386193706.504912,4267923764.285778,14231691252.351543,201469351.0017375,78173527.04994337,1473467578.3483546,0.03384578280515813,0.013899588439043192,0.06321992235736111,tariff_only
2025,1.237211546417221,2618849271235.5093,2618849271235.8804,0.539593640539344,0.9674143604552392,0.9865449998511217,0.9387202298229654,4391186868.0921545,4272861999.197953,14234809504.964703,194088801.0567013,75709239.51351655,1425503007.6699014,0.032585639544760805,0.013455000148878316,0.061279770177034586,tariff_only
2026,1.2430757838238515,2620578462136.667,2620578462137.04,0.5492338336122841,0.9685567822391619,0.9869473920209604,0.9404812914592021,4396833361.20519,4277868773.8723335,14238875591.331015,187424244.49420422,73484849.40742052,1382215100.283173,0.03144321776083809,0.013052607979039671,0.05951870854079791,tariff_only
2027,1.248861761983922,2622293715908.0303,2622293715908.405,0.5588999017288022,0.9695991286137333,0.9873140520721854,0.9420901559549935,4403017872.130548,4282934462.9065423,14243741011.653011,181366647.54025188,71463196.49663506,1342877211.2621763,0.030400871386266685,0.012685947927814618,0.05790984404500659,tariff_only
2028,1.2537212837938267,2623719188149.4614,2623719188149.8374,0.5685646889984926,0.969636147205418,0.9873242206188086,0.942117997531144,4413288657.402576,4288498480.9850845,14255995502.219511,181530926.4291612,71486968.20119403,1343110726.497649,0.030363852794581956,0.012675779381191327,0.05788200246885602,tariff_only
2029,1.258580140315599,2625145665803.781,2625145665804.158,0.5782281957928275,0.9696731250635343,0.9873343813050078,0.9421458274795781,4423582723.063076,4294069404.495276,14268259747.939508,181695340.06306773,71510748.4493936,1343344301.2954428,0.03032687493646573,0.012665618694992171,0.057854172520421875,tariff_only
